銷售日期,業務單位,業務員,性別,銷售產品,銷售數量,銷售金額
2022-01-18,業務1,示範A1,女,耳機,20,56000
2022-01-26,業務2,示範B1,女,鍵盤,10,15000
2022-01-12,業務3,示範C1,女,螢幕,5,40000
2022-01-12,業務4,示範D2,男,鍵盤,6,9000
2022-01-24,業務1,示範A2,男,鍵盤,9,13500
2022-01-09,業務2,示範B1,女,平板,4,52000
2022-01-12,業務3,示範C1,女,電腦,10,280000
2022-01-09,業務4,示範D2,男,平板,2,26000
2022-01-20,業務1,示範A2,男,手機,14,266000
2022-01-14,業務2,示範B2,男,螢幕,8,64000
2022-01-27,業務3,示範C2,男,平板,1,13000
2022-01-21,業務4,示範D1,女,鍵盤,7,10500
2022-01-09,業務1,示範A2,男,電腦,14,392000
2022-01-19,業務2,示範B1,女,螢幕,9,72000
2022-01-28,業務3,示範C2,男,鍵盤,4,6000
2022-01-16,業務4,示範D1,女,耳機,1,2800
2022-01-14,業務1,示範A1,女,鍵盤,10,15000
2022-01-05,業務2,示範B1,女,手機,8,152000
2022-01-14,業務3,示範C1,女,電腦,5,140000
2022-01-21,業務4,示範D1,女,螢幕,9,72000
2022-02-07,業務2,示範B2,男,鍵盤,8,12000
2022-02-02,業務3,示範C2,男,手機,6,114000
2022-02-01,業務4,示範D2,男,螢幕,10,80000
2022-02-08,業務1,示範A1,女,鍵盤,17,25500
2022-02-12,業務2,示範B2,男,平板,7,91000
2022-02-01,業務3,示範C1,女,手機,5,95000
2022-02-20,業務4,示範D1,女,耳機,5,14000
2022-02-04,業務1,示範A1,女,耳機,17,47600
2022-02-18,業務2,示範B1,女,電腦,10,280000
2022-02-26,業務3,示範C1,女,平板,6,78000
2022-02-17,業務4,示範D1,女,耳機,1,2800
2022-02-22,業務1,示範A1,女,手機,15,285000
2022-02-04,業務2,示範B2,男,鍵盤,4,6000
2022-02-02,業務3,示範C1,女,鍵盤,10,15000
2022-02-25,業務4,示範D2,男,電腦,6,168000
2022-02-15,業務1,示範A2,男,螢幕,7,56000
2022-02-12,業務2,示範B2,男,螢幕,7,56000
2022-02-02,業務3,示範C2,男,手機,8,152000
2022-02-09,業務4,示範D2,男,平板,4,52000
2022-02-15,業務1,示範A2,男,電腦,16,448000
2022-03-16,業務3,示範C1,女,電腦,3,84000
2022-03-19,業務4,示範D1,女,平板,7,91000
2022-03-11,業務1,示範A2,男,平板,12,156000
2022-03-19,業務2,示範B1,女,電腦,1,28000
2022-03-19,業務3,示範C1,女,手機,10,190000
2022-03-11,業務4,示範D1,女,電腦,10,280000
2022-03-23,業務1,示範A2,男,螢幕,19,152000
2022-03-06,業務2,示範B2,男,螢幕,1,8000
2022-03-07,業務3,示範C1,女,手機,6,114000
2022-03-19,業務4,示範D2,男,螢幕,9,72000
2022-03-08,業務1,示範A1,女,電腦,12,336000
2022-03-08,業務2,示範B1,女,平板,6,78000
2022-03-12,業務3,示範C1,女,鍵盤,8,12000
2022-03-07,業務4,示範D2,男,平板,8,104000
2022-03-18,業務1,示範A1,女,手機,19,361000
2022-03-14,業務2,示範B1,女,鍵盤,2,3000
2022-03-10,業務3,示範C1,女,鍵盤,10,15000
2022-03-11,業務4,示範D2,男,電腦,3,84000
2022-03-11,業務1,示範A2,男,螢幕,6,48000
2022-03-22,業務2,示範B1,女,耳機,9,25200
2022-04-24,業務4,示範D1,女,電腦,9,252000
2022-04-23,業務1,示範A2,男,電腦,7,196000
2022-04-16,業務2,示範B2,男,手機,3,57000
2022-04-16,業務3,示範C2,男,鍵盤,7,10500
2022-04-22,業務4,示範D1,女,耳機,9,25200
2022-04-22,業務1,示範A1,女,手機,14,266000
2022-04-10,業務2,示範B2,男,螢幕,6,48000
2022-04-19,業務3,示範C1,女,手機,4,76000
2022-04-12,業務4,示範D1,女,電腦,7,196000
2022-04-12,業務1,示範A2,男,電腦,7,196000
2022-04-16,業務2,示範B2,男,鍵盤,2,3000
2022-04-10,業務3,示範C1,女,手機,8,152000
2022-04-06,業務4,示範D1,女,手機,6,114000
2022-04-09,業務1,示範A1,女,耳機,6,16800
2022-04-21,業務2,示範B2,男,手機,1,19000
2022-04-26,業務3,示範C1,女,螢幕,1,8000
2022-04-10,業務4,示範D2,男,螢幕,10,80000
2022-04-16,業務1,示範A2,男,耳機,17,47600
2022-04-01,業務2,示範B1,女,螢幕,2,16000
2022-04-13,業務3,示範C2,男,耳機,1,2800
2022-05-02,業務1,示範A2,男,手機,13,247000
2022-05-19,業務2,示範B1,女,螢幕,6,48000
2022-05-20,業務3,示範C1,女,鍵盤,6,9000
2022-05-05,業務4,示範D1,女,耳機,1,2800
2022-05-10,業務1,示範A2,男,平板,6,78000
2022-05-23,業務2,示範B1,女,手機,3,57000
2022-05-15,業務3,示範C2,男,鍵盤,8,12000
2022-05-09,業務4,示範D2,男,螢幕,6,48000
2022-05-06,業務1,示範A2,男,耳機,9,25200
2022-05-10,業務2,示範B1,女,電腦,1,28000
2022-05-01,業務3,示範C1,女,耳機,8,22400
2022-05-28,業務4,示範D2,男,螢幕,9,72000
2022-05-12,業務1,示範A2,男,電腦,19,532000
2022-05-16,業務2,示範B1,女,手機,6,114000
2022-05-10,業務3,示範C1,女,平板,6,78000
2022-05-09,業務4,示範D1,女,螢幕,10,80000
2022-05-04,業務1,示範A2,男,手機,20,380000
2022-05-18,業務2,示範B1,女,耳機,2,5600
2022-05-13,業務3,示範C2,男,耳機,8,22400
2022-05-27,業務4,示範D2,男,鍵盤,10,15000
2022-06-17,業務2,示範B1,女,耳機,10,28000
2022-06-06,業務3,示範C1,女,耳機,9,25200
2022-06-06,業務4,示範D1,女,耳機,8,22400
2022-06-15,業務1,示範A2,男,手機,16,304000
2022-06-10,業務2,示範B2,男,鍵盤,5,7500
2022-06-27,業務3,示範C2,男,電腦,1,28000
2022-06-03,業務4,示範D2,男,鍵盤,3,4500
2022-06-24,業務1,示範A2,男,手機,14,266000
2022-06-27,業務2,示範B1,女,手機,4,76000
2022-06-05,業務3,示範C2,男,平板,5,65000
2022-06-23,業務4,示範D1,女,電腦,3,84000
2022-06-16,業務1,示範A2,男,手機,13,247000
2022-06-20,業務2,示範B2,男,耳機,5,14000
2022-06-25,業務3,示範C2,男,螢幕,5,40000
2022-06-19,業務4,示範D2,男,平板,2,26000
2022-06-06,業務1,示範A2,男,電腦,8,224000
2022-06-20,業務2,示範B2,男,平板,1,13000
2022-06-11,業務3,示範C1,女,螢幕,9,72000
2022-06-21,業務4,示範D2,男,耳機,8,22400
2022-06-20,業務1,示範A1,女,平板,20,260000
2022-07-26,業務3,示範C2,男,手機,7,133000
2022-07-06,業務4,示範D2,男,平板,10,130000
2022-07-21,業務1,示範A1,女,鍵盤,14,21000
2022-07-04,業務2,示範B1,女,平板,7,91000
2022-07-26,業務3,示範C1,女,電腦,2,56000
2022-07-03,業務4,示範D2,男,螢幕,6,48000
2022-07-14,業務1,示範A1,女,平板,12,156000
2022-07-06,業務2,示範B2,男,鍵盤,6,9000
2022-07-20,業務3,示範C2,男,電腦,6,168000
2022-07-20,業務4,示範D1,女,螢幕,9,72000
2022-07-22,業務1,示範A2,男,平板,18,234000
2022-07-23,業務2,示範B1,女,平板,1,13000
2022-07-19,業務3,示範C1,女,耳機,7,19600
2022-07-19,業務4,示範D2,男,手機,6,114000
2022-07-24,業務1,示範A1,女,鍵盤,7,10500
2022-07-12,業務2,示範B2,男,手機,8,152000
2022-07-28,業務3,示範C1,女,耳機,5,14000
2022-07-07,業務4,示範D1,女,平板,5,65000
2022-07-21,業務1,示範A2,男,手機,14,266000
2022-07-26,業務2,示範B1,女,電腦,2,56000
2022-08-27,業務4,示範D2,男,鍵盤,9,13500
2022-08-16,業務1,示範A2,男,耳機,17,47600
2022-08-26,業務2,示範B1,女,螢幕,5,40000
2022-08-25,業務3,示範C1,女,螢幕,3,24000
2022-08-20,業務4,示範D1,女,平板,7,91000
2022-08-05,業務1,示範A1,女,螢幕,8,64000
2022-08-04,業務2,示範B2,男,耳機,4,11200
2022-08-06,業務3,示範C2,男,電腦,1,28000
2022-08-04,業務4,示範D1,女,電腦,1,28000
2022-08-08,業務1,示範A1,女,手機,15,285000
2022-08-24,業務2,示範B1,女,平板,6,78000
2022-08-10,業務3,示範C2,男,螢幕,9,72000
2022-08-23,業務4,示範D2,男,鍵盤,3,4500
2022-08-27,業務1,示範A1,女,電腦,20,560000
2022-08-07,業務2,示範B1,女,鍵盤,6,9000
2022-08-19,業務3,示範C1,女,平板,9,117000
2022-08-12,業務4,示範D2,男,鍵盤,4,6000
2022-08-14,業務1,示範A2,男,電腦,12,336000
2022-08-05,業務2,示範B1,女,手機,2,38000
2022-08-09,業務3,示範C1,女,電腦,5,140000
2022-09-26,業務1,示範A1,女,平板,14,182000
2022-09-14,業務2,示範B2,男,耳機,9,25200
2022-09-12,業務3,示範C2,男,手機,5,95000
2022-09-02,業務4,示範D2,男,平板,3,39000
2022-09-26,業務1,示範A1,女,電腦,13,364000
2022-09-23,業務2,示範B1,女,平板,8,104000
2022-09-26,業務3,示範C1,女,鍵盤,2,3000
2022-09-10,業務4,示範D2,男,螢幕,6,48000
2022-09-06,業務1,示範A2,男,螢幕,16,128000
2022-09-23,業務2,示範B1,女,鍵盤,9,13500
2022-09-28,業務3,示範C2,男,螢幕,2,16000
2022-09-27,業務4,示範D1,女,平板,6,78000
2022-09-20,業務1,示範A1,女,螢幕,12,96000
2022-09-04,業務2,示範B2,男,螢幕,3,24000
2022-09-25,業務3,示範C2,男,手機,5,95000
2022-09-22,業務4,示範D2,男,鍵盤,6,9000
2022-09-04,業務1,示範A2,男,電腦,13,364000
2022-09-27,業務2,示範B2,男,手機,10,190000
2022-09-14,業務3,示範C2,男,耳機,5,14000
2022-09-10,業務4,示範D1,女,鍵盤,6,9000
2022-10-28,業務2,示範B2,男,耳機,9,25200
2022-10-28,業務3,示範C1,女,手機,3,57000
2022-10-06,業務4,示範D1,女,平板,9,117000
2022-10-22,業務1,示範A1,女,鍵盤,14,21000
2022-10-01,業務2,示範B1,女,鍵盤,8,12000
2022-10-27,業務3,示範C1,女,平板,8,104000
2022-10-12,業務4,示範D1,女,耳機,8,22400
2022-10-01,業務1,示範A2,男,鍵盤,17,25500
2022-10-17,業務2,示範B1,女,平板,9,117000
2022-10-20,業務3,示範C1,女,手機,3,57000
2022-10-09,業務4,示範D1,女,鍵盤,9,13500
2022-10-09,業務1,示範A2,男,電腦,9,252000
2022-10-24,業務2,示範B1,女,螢幕,2,16000
2022-10-15,業務3,示範C2,男,耳機,7,19600
2022-10-13,業務4,示範D1,女,電腦,7,196000
2022-10-16,業務1,示範A2,男,手機,10,190000
2022-10-17,業務2,示範B1,女,電腦,7,196000
2022-10-23,業務3,示範C2,男,耳機,8,22400
2022-10-28,業務4,示範D2,男,平板,4,52000
2022-10-14,業務1,示範A1,女,耳機,20,56000
2022-11-20,業務3,示範C2,男,鍵盤,7,10500
2022-11-15,業務4,示範D1,女,鍵盤,5,7500
2022-11-02,業務1,示範A1,女,電腦,17,476000
2022-11-14,業務2,示範B1,女,鍵盤,9,13500
2022-11-15,業務3,示範C2,男,平板,3,39000
2022-11-22,業務4,示範D2,男,電腦,5,140000
2022-11-12,業務1,示範A1,女,耳機,8,22400
2022-11-21,業務2,示範B2,男,電腦,8,224000
2022-11-20,業務3,示範C1,女,耳機,5,14000
2022-11-17,業務4,示範D2,男,電腦,10,280000
2022-11-19,業務1,示範A1,女,平板,17,221000
2022-11-15,業務2,示範B2,男,耳機,4,11200
2022-11-07,業務3,示範C1,女,手機,5,95000
2022-11-05,業務4,示範D2,男,螢幕,8,64000
2022-11-13,業務1,示範A1,女,手機,14,266000
2022-11-04,業務2,示範B2,男,螢幕,9,72000
2022-11-11,業務3,示範C2,男,螢幕,5,40000
2022-11-04,業務4,示範D2,男,手機,1,19000
2022-11-15,業務1,示範A1,女,平板,15,195000
2022-11-20,業務2,示範B2,男,手機,8,152000
2022-12-04,業務4,示範D1,女,電腦,9,252000
2022-12-24,業務1,示範A1,女,電腦,6,168000
2022-12-28,業務2,示範B1,女,螢幕,3,24000
2022-12-27,業務3,示範C1,女,平板,3,39000
2022-12-28,業務4,示範D2,男,手機,5,95000
2022-12-17,業務1,示範A2,男,耳機,12,33600
2022-12-27,業務2,示範B1,女,手機,8,152000
2022-12-16,業務3,示範C1,女,耳機,8,22400
2022-12-11,業務4,示範D1,女,電腦,9,252000
2022-12-12,業務1,示範A2,男,電腦,20,560000
2022-12-06,業務2,示範B2,男,鍵盤,1,1500
2022-12-28,業務3,示範C1,女,螢幕,6,48000
2022-12-19,業務4,示範D2,男,鍵盤,10,15000
2022-12-04,業務1,示範A1,女,平板,17,221000
2022-12-09,業務2,示範B2,男,平板,7,91000
2022-12-08,業務3,示範C2,男,耳機,4,11200
2022-12-07,業務4,示範D1,女,平板,8,104000
2022-12-22,業務1,示範A1,女,耳機,13,36400
2022-12-04,業務2,示範B1,女,平板,2,26000
2022-12-05,業務3,示範C1,女,電腦,6,168000
2023-01-13,業務1,示範A2,男,鍵盤,14,21000
2023-01-05,業務2,示範B1,女,耳機,5,14000
2023-01-22,業務3,示範C1,女,耳機,4,11200
2023-01-24,業務4,示範D1,女,鍵盤,3,4500
2023-01-16,業務1,示範A1,女,鍵盤,20,30000
2023-01-14,業務2,示範B1,女,手機,6,114000
2023-01-25,業務3,示範C2,男,耳機,2,5600
2023-01-04,業務4,示範D1,女,平板,5,65000
2023-01-13,業務1,示範A2,男,平板,7,91000
2023-01-17,業務2,示範B2,男,螢幕,3,24000
2023-01-03,業務3,示範C2,男,耳機,2,5600
2023-01-11,業務4,示範D2,男,手機,3,57000
2023-01-20,業務1,示範A2,男,電腦,12,336000
2023-01-26,業務2,示範B2,男,電腦,8,224000
2023-01-25,業務3,示範C1,女,螢幕,6,48000
2023-01-06,業務4,示範D2,男,電腦,8,224000
2023-01-16,業務1,示範A1,女,鍵盤,19,28500
2023-01-16,業務2,示範B1,女,平板,5,65000
2023-01-14,業務3,示範C2,男,平板,3,39000
2023-01-17,業務4,示範D1,女,電腦,5,140000
2023-02-11,業務2,示範B1,女,手機,7,133000
2023-02-01,業務3,示範C2,男,手機,9,171000
2023-02-19,業務4,示範D1,女,平板,1,13000
2023-02-12,業務1,示範A2,男,鍵盤,6,9000
2023-02-10,業務2,示範B2,男,手機,8,152000
2023-02-05,業務3,示範C2,男,電腦,3,84000
2023-02-12,業務4,示範D2,男,鍵盤,1,1500
2023-02-23,業務1,示範A2,男,電腦,19,532000
2023-02-07,業務2,示範B1,女,鍵盤,7,10500
2023-02-08,業務3,示範C1,女,耳機,9,25200
2023-02-23,業務4,示範D1,女,手機,6,114000
2023-02-06,業務1,示範A1,女,電腦,14,392000
2023-02-14,業務2,示範B1,女,鍵盤,10,15000
2023-02-09,業務3,示範C1,女,平板,7,91000
2023-02-02,業務4,示範D2,男,電腦,2,56000
2023-02-15,業務1,示範A2,男,電腦,15,420000
2023-02-19,業務2,示範B2,男,電腦,8,224000
2023-02-05,業務3,示範C2,男,耳機,1,2800
2023-02-10,業務4,示範D1,女,鍵盤,1,1500
2023-02-04,業務1,示範A2,男,電腦,6,168000
2023-03-28,業務3,示範C1,女,電腦,1,28000
2023-03-28,業務4,示範D2,男,電腦,10,280000
2023-03-16,業務1,示範A1,女,耳機,9,25200
2023-03-16,業務2,示範B2,男,手機,5,95000
2023-03-12,業務3,示範C1,女,螢幕,8,64000
2023-03-07,業務4,示範D2,男,鍵盤,10,15000
2023-03-23,業務1,示範A2,男,鍵盤,8,12000
2023-03-06,業務2,示範B1,女,手機,2,38000
2023-03-06,業務3,示範C2,男,鍵盤,9,13500
2023-03-28,業務4,示範D2,男,平板,1,13000
2023-03-15,業務1,示範A2,男,螢幕,16,128000
2023-03-21,業務2,示範B1,女,平板,7,91000
2023-03-21,業務3,示範C1,女,平板,7,91000
2023-03-16,業務4,示範D1,女,手機,9,171000
2023-03-03,業務1,示範A1,女,螢幕,12,96000
2023-03-01,業務2,示範B2,男,螢幕,8,64000
2023-03-15,業務3,示範C2,男,手機,6,114000
2023-03-26,業務4,示範D1,女,鍵盤,10,15000
2023-03-22,業務1,示範A1,女,手機,20,380000
2023-03-24,業務2,示範B2,男,鍵盤,2,3000
2023-04-10,業務4,示範D1,女,螢幕,2,16000
2023-04-06,業務1,示範A1,女,螢幕,17,136000
2023-04-15,業務2,示範B1,女,耳機,9,25200
2023-04-06,業務3,示範C1,女,耳機,3,8400
2023-04-21,業務4,示範D1,女,手機,8,152000
2023-04-12,業務1,示範A1,女,鍵盤,17,25500
2023-04-17,業務2,示範B1,女,電腦,10,280000
2023-04-10,業務3,示範C2,男,電腦,4,112000
2023-04-13,業務4,示範D2,男,手機,2,38000
2023-04-01,業務1,示範A1,女,螢幕,16,128000
2023-04-24,業務2,示範B2,男,鍵盤,8,12000
2023-04-21,業務3,示範C1,女,鍵盤,9,13500
2023-04-21,業務4,示範D2,男,電腦,1,28000
2023-04-13,業務1,示範A2,男,鍵盤,11,16500
2023-04-03,業務2,示範B2,男,手機,6,114000
2023-04-12,業務3,示範C1,女,耳機,4,11200
2023-04-05,業務4,示範D2,男,平板,2,26000
2023-04-27,業務1,示範A2,男,螢幕,18,144000
2023-04-06,業務2,示範B2,男,平板,10,130000
2023-04-24,業務3,示範C2,男,螢幕,2,16000
2023-05-21,業務1,示範A1,女,手機,16,304000
2023-05-17,業務2,示範B1,女,耳機,3,8400
2023-05-12,業務3,示範C2,男,螢幕,7,56000
2023-05-14,業務4,示範D1,女,耳機,8,22400
2023-05-05,業務1,示範A2,男,平板,6,78000
2023-05-13,業務2,示範B2,男,電腦,10,280000
2023-05-01,業務3,示範C2,男,鍵盤,7,10500
2023-05-23,業務4,示範D2,男,平板,8,104000
2023-05-20,業務1,示範A1,女,鍵盤,10,15000
2023-05-04,業務2,示範B1,女,螢幕,8,64000
2023-05-25,業務3,示範C1,女,螢幕,5,40000
2023-05-17,業務4,示範D1,女,手機,10,190000
2023-05-01,業務1,示範A2,男,鍵盤,18,27000
2023-05-17,業務2,示範B2,男,電腦,3,84000
2023-05-01,業務3,示範C2,男,螢幕,2,16000
2023-05-20,業務4,示範D1,女,螢幕,7,56000
2023-05-06,業務1,示範A2,男,手機,16,304000
2023-05-08,業務2,示範B2,男,手機,6,114000
2023-05-22,業務3,示範C1,女,手機,4,76000
2023-05-22,業務4,示範D1,女,鍵盤,10,15000
2023-06-25,業務2,示範B1,女,耳機,2,5600
2023-06-08,業務3,示範C1,女,鍵盤,7,10500
2023-06-01,業務4,示範D2,男,手機,8,152000
2023-06-22,業務1,示範A2,男,電腦,20,560000
2023-06-20,業務2,示範B2,男,電腦,3,84000
2023-06-28,業務3,示範C2,男,電腦,1,28000
2023-06-03,業務4,示範D1,女,電腦,6,168000
2023-06-05,業務1,示範A2,男,螢幕,19,152000
2023-06-10,業務2,示範B2,男,耳機,3,8400
2023-06-28,業務3,示範C2,男,平板,3,39000
2023-06-11,業務4,示範D2,男,鍵盤,5,7500
2023-06-18,業務1,示範A2,男,耳機,20,56000
2023-06-17,業務2,示範B2,男,耳機,1,2800
2023-06-23,業務3,示範C1,女,電腦,10,280000
2023-06-19,業務4,示範D2,男,電腦,2,56000
2023-06-25,業務1,示範A1,女,鍵盤,8,12000
2023-06-28,業務2,示範B1,女,手機,2,38000
2023-06-26,業務3,示範C2,男,手機,2,38000
2023-06-15,業務4,示範D2,男,電腦,5,140000
2023-06-05,業務1,示範A2,男,平板,10,130000
2023-07-14,業務3,示範C2,男,螢幕,4,32000
2023-07-02,業務4,示範D1,女,電腦,9,252000
2023-07-20,業務1,示範A2,男,手機,11,209000
2023-07-12,業務2,示範B2,男,電腦,6,168000
2023-07-02,業務3,示範C1,女,電腦,3,84000
2023-07-11,業務4,示範D1,女,耳機,10,28000
2023-07-19,業務1,示範A2,男,平板,18,234000
2023-07-16,業務2,示範B2,男,電腦,3,84000
2023-07-21,業務3,示範C1,女,平板,2,26000
2023-07-26,業務4,示範D2,男,耳機,10,28000
2023-07-02,業務1,示範A2,男,螢幕,9,72000
2023-07-19,業務2,示範B1,女,鍵盤,10,15000
2023-07-21,業務3,示範C1,女,鍵盤,10,15000
2023-07-12,業務4,示範D2,男,耳機,4,11200
2023-07-11,業務1,示範A2,男,螢幕,9,72000
2023-07-19,業務2,示範B1,女,鍵盤,2,3000
2023-07-20,業務3,示範C1,女,電腦,3,84000
2023-07-14,業務4,示範D2,男,耳機,6,16800
2023-07-11,業務1,示範A1,女,電腦,7,196000
2023-07-22,業務2,示範B2,男,平板,9,117000
2023-08-24,業務4,示範D2,男,平板,2,26000
2023-08-11,業務1,示範A1,女,手機,9,171000
2023-08-11,業務2,示範B1,女,鍵盤,7,10500
2023-08-05,業務3,示範C2,男,螢幕,10,80000
2023-08-10,業務4,示範D1,女,螢幕,2,16000
2023-08-08,業務1,示範A2,男,螢幕,8,64000
2023-08-08,業務2,示範B1,女,電腦,5,140000
2023-08-08,業務3,示範C2,男,平板,1,13000
2023-08-06,業務4,示範D2,男,平板,10,130000
2023-08-04,業務1,示範A1,女,耳機,16,44800
2023-08-27,業務2,示範B1,女,手機,5,95000
2023-08-10,業務3,示範C2,男,電腦,1,28000
2023-08-07,業務4,示範D2,男,電腦,5,140000
2023-08-19,業務1,示範A1,女,螢幕,8,64000
2023-08-20,業務2,示範B1,女,手機,3,57000
2023-08-05,業務3,示範C1,女,平板,4,52000
2023-08-28,業務4,示範D2,男,耳機,2,5600
2023-08-21,業務1,示範A2,男,平板,17,221000
2023-08-20,業務2,示範B2,男,電腦,8,224000
2023-08-18,業務3,示範C2,男,耳機,1,2800
2023-09-20,業務1,示範A1,女,鍵盤,9,13500
2023-09-25,業務2,示範B2,男,鍵盤,3,4500
2023-09-25,業務3,示範C1,女,耳機,10,28000
2023-09-01,業務4,示範D2,男,鍵盤,1,1500
2023-09-11,業務1,示範A1,女,平板,17,221000
2023-09-22,業務2,示範B2,男,耳機,2,5600
2023-09-18,業務3,示範C1,女,手機,3,57000
2023-09-17,業務4,示範D2,男,手機,8,152000
2023-09-23,業務1,示範A1,女,平板,11,143000
2023-09-14,業務2,示範B2,男,螢幕,3,24000
2023-09-22,業務3,示範C2,男,手機,1,19000
2023-09-04,業務4,示範D2,男,耳機,3,8400
2023-09-26,業務1,示範A2,男,電腦,9,252000
2023-09-23,業務2,示範B2,男,手機,8,152000
2023-09-20,業務3,示範C2,男,螢幕,7,56000
2023-09-11,業務4,示範D1,女,電腦,6,168000
2023-09-26,業務1,示範A1,女,鍵盤,14,21000
2023-09-21,業務2,示範B2,男,螢幕,1,8000
2023-09-01,業務3,示範C2,男,螢幕,6,48000
2023-09-05,業務4,示範D2,男,平板,10,130000
2023-10-23,業務2,示範B1,女,平板,1,13000
2023-10-27,業務3,示範C2,男,平板,3,39000
2023-10-20,業務4,示範D1,女,電腦,7,196000
2023-10-01,業務1,示範A1,女,螢幕,6,48000
2023-10-04,業務2,示範B1,女,螢幕,9,72000
2023-10-15,業務3,示範C2,男,螢幕,2,16000
2023-10-07,業務4,示範D1,女,電腦,7,196000
2023-10-15,業務1,示範A2,男,電腦,12,336000
2023-10-21,業務2,示範B2,男,平板,3,39000
2023-10-08,業務3,示範C2,男,電腦,3,84000
2023-10-24,業務4,示範D2,男,電腦,8,224000
2023-10-22,業務1,示範A2,男,電腦,14,392000
2023-10-15,業務2,示範B1,女,電腦,3,84000
2023-10-02,業務3,示範C1,女,平板,4,52000
2023-10-02,業務4,示範D1,女,耳機,8,22400
2023-10-08,業務1,示範A1,女,螢幕,16,128000
2023-10-01,業務2,示範B2,男,電腦,8,224000
2023-10-26,業務3,示範C2,男,耳機,1,2800
2023-10-28,業務4,示範D1,女,耳機,9,25200
2023-10-27,業務1,示範A2,男,耳機,17,47600
2023-11-01,業務3,示範C2,男,鍵盤,6,9000
2023-11-02,業務4,示範D2,男,電腦,3,84000
2023-11-03,業務1,示範A1,女,耳機,14,39200
2023-11-09,業務2,示範B2,男,手機,6,114000
2023-11-27,業務3,示範C2,男,耳機,6,16800
2023-11-11,業務4,示範D2,男,手機,3,57000
2023-11-23,業務1,示範A1,女,耳機,6,16800
2023-11-17,業務2,示範B2,男,平板,9,117000
2023-11-18,業務3,示範C1,女,螢幕,9,72000
2023-11-06,業務4,示範D1,女,平板,2,26000
2023-11-07,業務1,示範A1,女,電腦,10,280000
2023-11-09,業務2,示範B2,男,手機,9,171000
2023-11-20,業務3,示範C1,女,鍵盤,9,13500
2023-11-26,業務4,示範D1,女,平板,3,39000
2023-11-16,業務1,示範A1,女,電腦,20,560000
2023-11-24,業務2,示範B1,女,手機,10,190000
2023-11-12,業務3,示範C1,女,螢幕,9,72000
2023-11-09,業務4,示範D1,女,耳機,10,28000
2023-11-06,業務1,示範A2,男,鍵盤,14,21000
2023-12-19,業務4,示範D2,男,手機,4,76000
2023-12-14,業務1,示範A2,男,電腦,11,308000
2023-12-02,業務2,示範B1,女,手機,9,171000
2023-12-21,業務3,示範C1,女,鍵盤,10,15000
2023-12-17,業務4,示範D2,男,鍵盤,1,1500
2023-12-09,業務1,示範A2,男,鍵盤,17,25500
2023-12-04,業務2,示範B1,女,鍵盤,3,4500
2023-12-18,業務3,示範C2,男,耳機,9,25200
2023-12-07,業務4,示範D2,男,平板,7,91000
2023-12-08,業務1,示範A2,男,鍵盤,19,28500
2023-12-05,業務2,示範B2,男,耳機,7,19600
2023-12-05,業務3,示範C2,男,手機,3,57000
2023-12-16,業務4,示範D1,女,鍵盤,4,6000
2023-12-06,業務1,示範A2,男,耳機,8,22400
2023-12-16,業務2,示範B1,女,耳機,2,5600
2023-12-06,業務3,示範C2,男,手機,6,114000
2023-12-14,業務4,示範D2,男,平板,8,104000
2023-12-03,業務1,示範A1,女,平板,7,91000
2023-12-20,業務2,示範B1,女,耳機,4,11200
2024-01-23,業務1,示範A1,女,鍵盤,9,13500
2024-01-12,業務2,示範B2,男,手機,7,133000
2024-01-25,業務3,示範C1,女,鍵盤,9,13500
2024-01-11,業務4,示範D2,男,耳機,10,28000
2024-01-17,業務1,示範A2,男,螢幕,17,136000
2024-01-27,業務2,示範B2,男,平板,6,78000
2024-01-27,業務3,示範C1,女,平板,6,78000
2024-01-09,業務4,示範D2,男,平板,8,104000
2024-01-25,業務1,示範A1,女,電腦,12,336000
2024-01-08,業務2,示範B2,男,耳機,3,8400
2024-01-15,業務3,示範C2,男,電腦,3,84000
2024-01-07,業務4,示範D2,男,平板,5,65000
2024-01-26,業務1,示範A1,女,手機,6,114000
2024-01-03,業務2,示範B2,男,螢幕,9,72000
2024-01-21,業務3,示範C1,女,手機,7,133000
2024-01-26,業務4,示範D1,女,鍵盤,8,12000
2024-01-23,業務1,示範A1,女,平板,18,234000
2024-01-04,業務2,示範B1,女,平板,3,39000
2024-01-21,業務3,示範C1,女,電腦,1,28000
2024-02-18,業務2,示範B1,女,鍵盤,2,3000
2024-02-09,業務3,示範C2,男,電腦,10,280000
2024-02-17,業務4,示範D2,男,手機,5,95000
2024-02-17,業務1,示範A2,男,螢幕,17,136000
2024-02-13,業務2,示範B1,女,平板,4,52000
2024-02-14,業務3,示範C1,女,耳機,8,22400
2024-02-07,業務4,示範D2,男,鍵盤,3,4500
2024-02-07,業務1,示範A1,女,鍵盤,7,10500
2024-02-20,業務2,示範B1,女,平板,8,104000
2024-02-12,業務3,示範C1,女,平板,6,78000
2024-02-08,業務4,示範D2,男,手機,7,133000
2024-02-17,業務1,示範A1,女,平板,6,78000
2024-02-27,業務2,示範B1,女,手機,7,133000
2024-02-25,業務3,示範C1,女,平板,8,104000
2024-02-21,業務4,示範D1,女,平板,6,78000
2024-02-22,業務1,示範A2,男,耳機,17,47600
2024-02-24,業務2,示範B1,女,鍵盤,3,4500
2024-02-19,業務3,示範C2,男,平板,6,78000
2024-02-26,業務4,示範D2,男,手機,1,19000
2024-03-06,業務3,示範C2,男,鍵盤,5,7500
2024-03-20,業務4,示範D1,女,平板,3,39000
2024-03-14,業務1,示範A1,女,電腦,20,560000
2024-03-03,業務2,示範B2,男,螢幕,8,64000
2024-03-08,業務3,示範C1,女,手機,7,133000
2024-03-23,業務4,示範D2,男,鍵盤,10,15000
2024-03-18,業務1,示範A1,女,手機,15,285000
2024-03-12,業務2,示範B2,男,鍵盤,7,10500
2024-03-26,業務3,示範C2,男,耳機,4,11200
2024-03-04,業務4,示範D1,女,電腦,8,224000
2024-03-17,業務1,示範A2,男,螢幕,17,136000
2024-03-19,業務2,示範B1,女,電腦,2,56000
2024-03-25,業務3,示範C1,女,平板,4,52000
2024-03-28,業務4,示範D1,女,耳機,2,5600
2024-03-17,業務1,示範A1,女,耳機,17,47600
2024-03-11,業務2,示範B2,男,電腦,4,112000
2024-03-09,業務3,示範C1,女,鍵盤,8,12000
2024-03-18,業務4,示範D1,女,螢幕,8,64000
2024-03-16,業務1,示範A1,女,鍵盤,15,22500
2024-04-06,業務4,示範D2,男,電腦,9,252000
2024-04-09,業務1,示範A1,女,平板,20,260000
2024-04-19,業務2,示範B1,女,螢幕,6,48000
2024-04-19,業務3,示範C1,女,平板,1,13000
2024-04-04,業務4,示範D1,女,平板,3,39000
2024-04-26,業務1,示範A2,男,螢幕,18,144000
2024-04-02,業務2,示範B1,女,手機,10,190000
2024-04-17,業務3,示範C2,男,螢幕,7,56000
2024-04-05,業務4,示範D2,男,鍵盤,8,12000
2024-04-07,業務1,示範A2,男,手機,12,228000
2024-04-02,業務2,示範B2,男,耳機,1,2800
2024-04-10,業務3,示範C2,男,耳機,1,2800
2024-04-20,業務4,示範D1,女,鍵盤,6,9000
2024-04-23,業務1,示範A1,女,耳機,8,22400
2024-04-17,業務2,示範B2,男,鍵盤,8,12000
2024-04-21,業務3,示範C1,女,電腦,10,280000
2024-04-10,業務4,示範D1,女,耳機,3,8400
2024-04-02,業務1,示範A1,女,耳機,17,47600
2024-04-10,業務2,示範B2,男,耳機,8,22400
2024-05-20,業務1,示範A2,男,平板,11,143000
2024-05-28,業務2,示範B1,女,手機,9,171000
2024-05-04,業務3,示範C1,女,螢幕,7,56000
2024-05-28,業務4,示範D2,男,螢幕,5,40000
2024-05-11,業務1,示範A2,男,手機,17,323000
2024-05-09,業務2,示範B2,男,手機,8,152000
2024-05-08,業務3,示範C2,男,電腦,10,280000
2024-05-05,業務4,示範D2,男,電腦,7,196000
2024-05-06,業務1,示範A1,女,電腦,18,504000
2024-05-04,業務2,示範B1,女,耳機,9,25200
2024-05-03,業務3,示範C1,女,螢幕,5,40000
2024-05-10,業務4,示範D2,男,電腦,8,224000
2024-05-13,業務1,示範A1,女,鍵盤,7,10500
2024-05-07,業務2,示範B2,男,螢幕,1,8000
2024-05-05,業務3,示範C2,男,手機,4,76000
2024-05-10,業務4,示範D1,女,手機,10,190000
2024-05-03,業務1,示範A2,男,手機,20,380000
2024-05-18,業務2,示範B1,女,耳機,6,16800
2024-05-14,業務3,示範C1,女,手機,5,95000
2024-06-21,業務2,示範B2,男,手機,6,114000
2024-06-04,業務3,示範C2,男,耳機,10,28000
2024-06-04,業務4,示範D2,男,耳機,7,19600
2024-06-01,業務1,示範A2,男,螢幕,20,160000
2024-06-07,業務2,示範B2,男,電腦,7,196000
2024-06-26,業務3,示範C1,女,耳機,1,2800
2024-06-15,業務4,示範D2,男,手機,8,152000
2024-06-18,業務1,示範A2,男,平板,16,208000
2024-06-20,業務2,示範B1,女,鍵盤,2,3000
2024-06-24,業務3,示範C1,女,鍵盤,6,9000
2024-06-20,業務4,示範D1,女,螢幕,9,72000
2024-06-19,業務1,示範A1,女,平板,16,208000
2024-06-26,業務2,示範B1,女,螢幕,7,56000
2024-06-27,業務3,示範C2,男,耳機,6,16800
2024-06-05,業務4,示範D1,女,耳機,7,19600
2024-06-13,業務1,示範A2,男,鍵盤,6,9000
2024-06-24,業務2,示範B2,男,耳機,2,5600
2024-06-25,業務3,示範C2,男,鍵盤,4,6000
2024-06-18,業務4,示範D1,女,平板,5,65000
2024-07-24,業務3,示範C2,男,耳機,6,16800
2024-07-06,業務4,示範D1,女,螢幕,10,80000
2024-07-01,業務1,示範A1,女,平板,13,169000
2024-07-27,業務2,示範B1,女,耳機,10,28000
2024-07-12,業務3,示範C1,女,平板,3,39000
2024-07-25,業務4,示範D1,女,螢幕,9,72000
2024-07-21,業務1,示範A2,男,手機,6,114000
2024-07-14,業務2,示範B1,女,平板,3,39000
2024-07-03,業務3,示範C1,女,鍵盤,2,3000
2024-07-14,業務4,示範D1,女,螢幕,2,16000
2024-07-13,業務1,示範A1,女,電腦,18,504000
2024-07-16,業務2,示範B2,男,電腦,5,140000
2024-07-01,業務3,示範C2,男,耳機,10,28000
2024-07-06,業務4,示範D1,女,螢幕,7,56000
2024-07-01,業務1,示範A1,女,鍵盤,12,18000
2024-07-25,業務2,示範B1,女,電腦,8,224000
2024-07-04,業務3,示範C2,男,電腦,5,140000
2024-07-08,業務4,示範D2,男,螢幕,4,32000
2024-07-02,業務1,示範A1,女,電腦,12,336000
2024-08-01,業務4,示範D2,男,電腦,1,28000
2024-08-11,業務1,示範A2,男,耳機,20,56000
2024-08-07,業務2,示範B1,女,螢幕,2,16000
2024-08-12,業務3,示範C2,男,電腦,8,224000
2024-08-16,業務4,示範D1,女,鍵盤,2,3000
2024-08-18,業務1,示範A2,男,電腦,18,504000
2024-08-06,業務2,示範B2,男,鍵盤,5,7500
2024-08-18,業務3,示範C1,女,螢幕,5,40000
2024-08-10,業務4,示範D2,男,手機,1,19000
2024-08-06,業務1,示範A1,女,耳機,13,36400
2024-08-10,業務2,示範B2,男,平板,2,26000
2024-08-02,業務3,示範C2,男,螢幕,3,24000
2024-08-24,業務4,示範D2,男,手機,3,57000
2024-08-21,業務1,示範A2,男,螢幕,11,88000
2024-08-27,業務2,示範B1,女,平板,4,52000
2024-08-15,業務3,示範C1,女,電腦,7,196000
2024-08-10,業務4,示範D2,男,手機,9,171000
2024-08-10,業務1,示範A2,男,耳機,11,30800
2024-08-18,業務2,示範B2,男,耳機,7,19600
2024-09-28,業務1,示範A2,男,鍵盤,9,13500
2024-09-18,業務2,示範B1,女,電腦,2,56000
2024-09-10,業務3,示範C2,男,平板,6,78000
2024-09-27,業務4,示範D2,男,電腦,2,56000
2024-09-02,業務1,示範A2,男,手機,12,228000
2024-09-26,業務2,示範B2,男,鍵盤,8,12000
2024-09-25,業務3,示範C1,女,手機,7,133000
2024-09-14,業務4,示範D1,女,螢幕,6,48000
2024-09-14,業務1,示範A2,男,耳機,14,39200
2024-09-18,業務2,示範B2,男,平板,9,117000
2024-09-18,業務3,示範C1,女,耳機,9,25200
2024-09-26,業務4,示範D2,男,鍵盤,10,15000
2024-09-01,業務1,示範A1,女,耳機,19,53200
2024-09-06,業務2,示範B2,男,鍵盤,1,1500
2024-09-10,業務3,示範C1,女,鍵盤,8,12000
2024-09-28,業務4,示範D1,女,耳機,6,16800
2024-09-08,業務1,示範A1,女,手機,19,361000
2024-09-15,業務2,示範B1,女,平板,10,130000
2024-09-03,業務3,示範C2,男,耳機,9,25200
2024-10-09,業務2,示範B1,女,平板,1,13000
2024-10-05,業務3,示範C2,男,鍵盤,3,4500
2024-10-10,業務4,示範D1,女,鍵盤,4,6000
2024-10-04,業務1,示範A2,男,螢幕,13,104000
2024-10-20,業務2,示範B2,男,電腦,3,84000
2024-10-17,業務3,示範C1,女,耳機,10,28000
2024-10-12,業務4,示範D1,女,手機,4,76000
2024-10-06,業務1,示範A2,男,鍵盤,8,12000
2024-10-06,業務2,示範B1,女,耳機,3,8400
2024-10-01,業務3,示範C2,男,螢幕,7,56000
2024-10-07,業務4,示範D1,女,鍵盤,3,4500
2024-10-24,業務1,示範A1,女,耳機,9,25200
2024-10-11,業務2,示範B2,男,電腦,10,280000
2024-10-08,業務3,示範C2,男,耳機,4,11200
2024-10-24,業務4,示範D2,男,平板,7,91000
2024-10-13,業務1,示範A2,男,螢幕,12,96000
2024-10-15,業務2,示範B1,女,鍵盤,7,10500
2024-10-18,業務3,示範C2,男,手機,2,38000
2024-10-06,業務4,示範D2,男,鍵盤,3,4500
2024-11-11,業務3,示範C1,女,平板,2,26000
2024-11-03,業務4,示範D2,男,平板,8,104000
2024-11-25,業務1,示範A2,男,螢幕,14,112000
2024-11-13,業務2,示範B2,男,鍵盤,8,12000
2024-11-28,業務3,示範C1,女,電腦,10,280000
2024-11-05,業務4,示範D2,男,平板,2,26000
2024-11-13,業務1,示範A2,男,鍵盤,9,13500
2024-11-13,業務2,示範B2,男,耳機,7,19600
2024-11-24,業務3,示範C2,男,電腦,4,112000
2024-11-05,業務4,示範D2,男,耳機,4,11200
2024-11-02,業務1,示範A2,男,平板,13,169000
2024-11-10,業務2,示範B2,男,耳機,1,2800
2024-11-09,業務3,示範C2,男,耳機,4,11200
2024-11-04,業務4,示範D1,女,耳機,6,16800
2024-11-22,業務1,示範A1,女,耳機,20,56000
2024-11-10,業務2,示範B2,男,鍵盤,2,3000
2024-11-26,業務3,示範C2,男,鍵盤,3,4500
2024-11-07,業務4,示範D2,男,螢幕,7,56000
2024-11-15,業務1,示範A2,男,鍵盤,13,19500
2024-12-21,業務4,示範D1,女,電腦,6,168000
2024-12-04,業務1,示範A1,女,電腦,13,364000
2024-12-07,業務2,示範B1,女,鍵盤,9,13500
2024-12-25,業務3,示範C1,女,手機,2,38000
2024-12-27,業務4,示範D1,女,鍵盤,9,13500
2024-12-22,業務1,示範A1,女,耳機,9,25200
2024-12-20,業務2,示範B2,男,螢幕,1,8000
2024-12-15,業務3,示範C2,男,鍵盤,9,13500
2024-12-21,業務4,示範D1,女,耳機,6,16800
2024-12-11,業務1,示範A2,男,鍵盤,6,9000
2024-12-03,業務2,示範B2,男,鍵盤,8,12000
2024-12-26,業務3,示範C2,男,鍵盤,9,13500
2024-12-27,業務4,示範D1,女,平板,7,91000
2024-12-13,業務1,示範A2,男,電腦,18,504000
2024-12-10,業務2,示範B2,男,手機,5,95000
2024-12-22,業務3,示範C1,女,耳機,4,11200
2024-12-12,業務4,示範D1,女,手機,5,95000
2024-12-17,業務1,示範A2,男,鍵盤,15,22500
2024-12-07,業務2,示範B2,男,鍵盤,3,4500
2025-01-05,業務1,示範A2,男,平板,20,260000
2025-01-21,業務2,示範B1,女,手機,5,95000
2025-01-19,業務3,示範C2,男,平板,7,91000
2025-01-08,業務4,示範D2,男,手機,3,57000
2025-01-17,業務1,示範A1,女,鍵盤,15,22500
2025-01-25,業務2,示範B1,女,耳機,1,2800
2025-01-22,業務3,示範C2,男,平板,8,104000
2025-01-24,業務4,示範D2,男,電腦,10,280000
2025-01-19,業務1,示範A1,女,耳機,15,42000
2025-01-08,業務2,示範B1,女,電腦,8,224000
2025-01-22,業務3,示範C2,男,螢幕,8,64000
2025-01-09,業務4,示範D2,男,耳機,7,19600
2025-01-10,業務1,示範A1,女,平板,8,104000
2025-01-14,業務2,示範B1,女,螢幕,10,80000
2025-01-04,業務3,示範C2,男,手機,6,114000
2025-01-08,業務4,示範D1,女,電腦,4,112000
2025-01-03,業務1,示範A2,男,螢幕,17,136000
2025-01-25,業務2,示範B1,女,電腦,9,252000
2025-01-18,業務3,示範C2,男,手機,7,133000
2025-02-03,業務2,示範B2,男,螢幕,7,56000
2025-02-21,業務3,示範C1,女,電腦,10,280000
2025-02-01,業務4,示範D1,女,鍵盤,2,3000
2025-02-15,業務1,示範A1,女,鍵盤,10,15000
2025-02-18,業務2,示範B2,男,手機,4,76000
2025-02-11,業務3,示範C1,女,手機,7,133000
2025-02-17,業務4,示範D1,女,平板,7,91000
2025-02-09,業務1,示範A2,男,電腦,16,448000
2025-02-03,業務2,示範B1,女,鍵盤,3,4500
2025-02-17,業務3,示範C2,男,螢幕,4,32000
2025-02-18,業務4,示範D1,女,鍵盤,7,10500
2025-02-27,業務1,示範A1,女,電腦,8,224000
2025-02-23,業務2,示範B2,男,手機,9,171000
2025-02-07,業務3,示範C2,男,電腦,6,168000
2025-02-13,業務4,示範D1,女,螢幕,1,8000
2025-02-17,業務1,示範A2,男,耳機,9,25200
2025-02-09,業務2,示範B2,男,手機,2,38000
2025-02-26,業務3,示範C1,女,螢幕,2,16000
2025-02-23,業務4,示範D2,男,鍵盤,10,15000
2025-03-23,業務3,示範C2,男,螢幕,4,32000
2025-03-19,業務4,示範D2,男,螢幕,1,8000
2025-03-13,業務1,示範A2,男,鍵盤,20,30000
2025-03-01,業務2,示範B2,男,螢幕,9,72000
2025-03-20,業務3,示範C2,男,平板,5,65000
2025-03-21,業務4,示範D2,男,平板,3,39000
2025-03-28,業務1,示範A2,男,手機,15,285000
2025-03-27,業務2,示範B1,女,鍵盤,9,13500
2025-03-04,業務3,示範C1,女,螢幕,6,48000
2025-03-10,業務4,示範D2,男,平板,1,13000
2025-03-14,業務1,示範A1,女,耳機,6,16800
2025-03-13,業務2,示範B2,男,螢幕,5,40000
2025-03-16,業務3,示範C1,女,螢幕,6,48000
2025-03-12,業務4,示範D1,女,手機,9,171000
2025-03-27,業務1,示範A2,男,手機,9,171000
2025-03-08,業務2,示範B2,男,電腦,1,28000
2025-03-20,業務3,示範C2,男,平板,1,13000
2025-03-14,業務4,示範D1,女,電腦,2,56000
2025-03-09,業務1,示範A2,男,鍵盤,20,30000
2025-04-23,業務4,示範D2,男,手機,8,152000
2025-04-28,業務1,示範A1,女,螢幕,20,160000
2025-04-16,業務2,示範B2,男,電腦,9,252000
2025-04-07,業務3,示範C1,女,鍵盤,4,6000
2025-04-01,業務4,示範D1,女,平板,2,26000
2025-04-03,業務1,示範A2,男,耳機,18,50400
2025-04-22,業務2,示範B1,女,平板,5,65000
2025-04-15,業務3,示範C1,女,鍵盤,5,7500
2025-04-25,業務4,示範D2,男,耳機,8,22400
2025-04-21,業務1,示範A1,女,耳機,13,36400
2025-04-27,業務2,示範B2,男,鍵盤,2,3000
2025-04-20,業務3,示範C2,男,電腦,3,84000
2025-04-10,業務4,示範D2,男,鍵盤,1,1500
2025-04-08,業務1,示範A1,女,螢幕,12,96000
2025-04-16,業務2,示範B2,男,鍵盤,4,6000
2025-04-15,業務3,示範C2,男,耳機,2,5600
2025-04-13,業務4,示範D2,男,鍵盤,5,7500
2025-04-05,業務1,示範A1,女,耳機,10,28000
2025-04-18,業務2,示範B1,女,螢幕,5,40000
2025-05-26,業務1,示範A2,男,電腦,13,364000
2025-05-19,業務2,示範B1,女,電腦,6,168000
2025-05-23,業務3,示範C2,男,耳機,5,14000
2025-05-20,業務4,示範D1,女,手機,7,133000
2025-05-08,業務1,示範A2,男,平板,14,182000
2025-05-20,業務2,示範B2,男,耳機,5,14000
2025-05-10,業務3,示範C2,男,平板,9,117000
2025-05-24,業務4,示範D1,女,鍵盤,3,4500
2025-05-15,業務1,示範A1,女,電腦,9,252000
2025-05-19,業務2,示範B1,女,電腦,7,196000
2025-05-19,業務3,示範C2,男,耳機,5,14000
2025-05-01,業務4,示範D1,女,電腦,3,84000
2025-05-07,業務1,示範A1,女,耳機,6,16800
2025-05-02,業務2,示範B1,女,螢幕,10,80000
2025-05-06,業務3,示範C1,女,手機,8,152000
2025-05-23,業務4,示範D2,男,耳機,9,25200
2025-05-13,業務1,示範A2,男,平板,11,143000
2025-05-01,業務2,示範B1,女,鍵盤,3,4500
2025-05-26,業務3,示範C2,男,電腦,5,140000
2025-06-07,業務2,示範B1,女,螢幕,5,40000
2025-06-11,業務3,示範C1,女,螢幕,8,64000
2025-06-11,業務4,示範D1,女,螢幕,6,48000
2025-06-07,業務1,示範A2,男,鍵盤,12,18000
2025-06-27,業務2,示範B2,男,耳機,5,14000
2025-06-02,業務3,示範C2,男,電腦,7,196000
2025-06-19,業務4,示範D2,男,平板,9,117000
2025-06-06,業務1,示範A2,男,手機,8,152000
2025-06-27,業務2,示範B1,女,平板,9,117000
2025-06-02,業務3,示範C1,女,螢幕,4,32000
2025-06-22,業務4,示範D2,男,螢幕,7,56000
2025-06-17,業務1,示範A1,女,手機,18,342000
2025-06-15,業務2,示範B2,男,電腦,2,56000
2025-06-23,業務3,示範C1,女,鍵盤,3,4500
2025-06-20,業務4,示範D1,女,手機,1,19000
2025-06-21,業務1,示範A2,男,電腦,13,364000
2025-06-14,業務2,示範B1,女,手機,10,190000
2025-06-24,業務3,示範C2,男,耳機,7,19600
2025-06-16,業務4,示範D2,男,手機,1,19000
2025-07-27,業務3,示範C1,女,手機,10,190000
2025-07-21,業務4,示範D2,男,電腦,8,224000
2025-07-24,業務1,示範A2,男,電腦,6,168000
2025-07-12,業務2,示範B1,女,平板,2,26000
2025-07-13,業務3,示範C1,女,耳機,3,8400
2025-07-07,業務4,示範D2,男,手機,3,57000
2025-07-26,業務1,示範A1,女,平板,15,195000
2025-07-21,業務2,示範B2,男,平板,8,104000
2025-07-13,業務3,示範C1,女,電腦,7,196000
2025-07-12,業務4,示範D1,女,耳機,7,19600
2025-07-04,業務1,示範A2,男,螢幕,8,64000
2025-07-01,業務2,示範B2,男,手機,9,171000
2025-07-02,業務3,示範C1,女,鍵盤,9,13500
2025-07-28,業務4,示範D2,男,鍵盤,5,7500
2025-07-05,業務1,示範A2,男,電腦,6,168000
2025-07-09,業務2,示範B2,男,手機,10,190000
2025-07-16,業務3,示範C1,女,電腦,8,224000
2025-07-16,業務4,示範D2,男,耳機,4,11200
2025-07-18,業務1,示範A1,女,電腦,11,308000
2025-08-12,業務4,示範D1,女,手機,5,95000
2025-08-12,業務1,示範A1,女,手機,11,209000
2025-08-03,業務2,示範B1,女,平板,1,13000
2025-08-23,業務3,示範C1,女,鍵盤,1,1500
2025-08-18,業務4,示範D2,男,耳機,6,16800
2025-08-05,業務1,示範A2,男,電腦,14,392000
2025-08-05,業務2,示範B2,男,手機,8,152000
2025-08-10,業務3,示範C1,女,螢幕,9,72000
2025-08-03,業務4,示範D1,女,電腦,4,112000
2025-08-01,業務1,示範A2,男,耳機,16,44800
2025-08-02,業務2,示範B1,女,耳機,5,14000
2025-08-01,業務3,示範C2,男,耳機,4,11200
2025-08-23,業務4,示範D2,男,平板,1,13000
2025-08-22,業務1,示範A2,男,鍵盤,19,28500
2025-08-19,業務2,示範B1,女,螢幕,10,80000
2025-08-19,業務3,示範C1,女,鍵盤,10,15000
2025-08-09,業務4,示範D1,女,鍵盤,4,6000
2025-08-22,業務1,示範A1,女,平板,13,169000
2025-08-26,業務2,示範B2,男,電腦,1,28000
2025-09-27,業務1,示範A2,男,鍵盤,7,10500
2025-09-03,業務2,示範B1,女,鍵盤,3,4500
2025-09-18,業務3,示範C2,男,耳機,6,16800
2025-09-26,業務4,示範D1,女,電腦,3,84000
2025-09-04,業務1,示範A2,男,耳機,20,56000
2025-09-15,業務2,示範B1,女,平板,8,104000
2025-09-28,業務3,示範C1,女,手機,4,76000
2025-09-28,業務4,示範D2,男,電腦,9,252000
2025-09-26,業務1,示範A1,女,螢幕,16,128000
2025-09-24,業務2,示範B2,男,螢幕,3,24000
2025-09-01,業務3,示範C1,女,螢幕,1,8000
2025-09-17,業務4,示範D2,男,耳機,2,5600
2025-09-27,業務1,示範A2,男,鍵盤,8,12000
2025-09-26,業務2,示範B2,男,螢幕,10,80000
2025-09-26,業務3,示範C2,男,螢幕,1,8000
2025-09-08,業務4,示範D2,男,鍵盤,5,7500
2025-09-21,業務1,示範A2,男,耳機,9,25200
2025-09-18,業務2,示範B2,男,螢幕,3,24000
2025-09-16,業務3,示範C1,女,電腦,6,168000
2025-10-04,業務2,示範B1,女,電腦,6,168000
2025-10-11,業務3,示範C2,男,平板,3,39000
2025-10-21,業務4,示範D2,男,平板,3,39000
2025-10-22,業務1,示範A1,女,手機,7,133000
2025-10-08,業務2,示範B1,女,耳機,3,8400
2025-10-25,業務3,示範C2,男,鍵盤,10,15000
2025-10-05,業務4,示範D2,男,平板,6,78000
2025-10-08,業務1,示範A1,女,平板,17,221000
2025-10-16,業務2,示範B1,女,耳機,10,28000
2025-10-25,業務3,示範C1,女,平板,4,52000
2025-10-11,業務4,示範D1,女,螢幕,5,40000
2025-10-26,業務1,示範A2,男,電腦,19,532000
2025-10-26,業務2,示範B1,女,電腦,5,140000
2025-10-22,業務3,示範C1,女,手機,2,38000
2025-10-09,業務4,示範D1,女,手機,7,133000
2025-10-13,業務1,示範A2,男,鍵盤,6,9000
2025-10-07,業務2,示範B1,女,電腦,5,140000
2025-10-19,業務3,示範C2,男,手機,1,19000
2025-10-27,業務4,示範D2,男,手機,2,38000
